{
  "oasis": 98,
  "woodland": 94,
  "shrubland": 85,
  "xeric_shrubland": 95,
  "tropical_rainforest": 90,
  "fen": 58,
  "steppe": 88,
  "bayou": 46,
  "overgrown_cliffs": 77,
  "highland": 63,
  "volcanic_island": 104,
  "quagmire": 79,
  "marsh": 69,
  "chaparral": 50,
  "flower_island": 105,
  "flower_field": 59,
  "wetland": 93,
  "mystic_grove": 73,
  "cold_desert": 52,
  "mountain_foothills": 96,
  "maple_woods": 68,
  "coral_reef": 99,
  "orchard": 75,
  "moor": 71,
  "land_of_lakes": 64,
  "bog": 47,
  "coniferous_forest": 53,
  "eucalyptus_forest": 57,
  "outback": 76,
  "shield": 84,
  "alps": 44,
  "wasteland": 92,
  "lush_desert": 66,
  "mangrove": 101,
  "boreal_forest": 48,
  "redwood_forest": 81,
  "cherry_blossom_grove": 51,
  "snowy_forest": 87,
  "seasonal_forest": 83,
  "temperate_rainforest": 89,
  "dead_forest": 55,
  "bamboo_forest": 45,
  "dead_swamp": 56,
  "kelp_forest": 100,
  "heathland": 62,
  "glacier": 97,
  "meadow": 70,
  "lush_swamp": 67,
  "mountain_peaks": 72,
  "tropical_island": 103,
  "grassland": 60,
  "prairie": 78,
  "snowy_coniferous_forest": 86,
  "tundra": 91,
  "origin_island": 102,
  "gravel_beach": 43,
  "grove": 61,
  "lavender_fields": 65,
  "rainforest": 80,
  "sacred_springs": 82,
  "crag": 54,
  "brushland": 49,
  "ominous_woods": 74
}